{"minute_requests": [1760496785.3905487, 1760496800.1935182, 1760496822.3579123], "daily_requests": [1760486654.4247007, 1760486666.4265463, 1760486690.214749, 1760486754.7897954, 1760486969.2653682, 1760487243.9856129, 1760487259.5389695, 1760487279.3221698, 1760488782.3927596, 1760488823.1830997, 1760493177.3762739, 1760493384.796034, 1760493639.1246037, 1760493656.1721919, 1760493689.773195, 1760494795.984259, 1760494820.3875127, 1760494858.666254, 1760494906.216709, 1760494920.3974817, 1760494954.0460265, 1760495045.6983542, 1760495457.917935, 1760495486.2548966, 1760495724.9234896, 1760495747.6430838, 1760495847.6637702, 1760495895.2707686, 1760495925.3772244, 1760495978.835047, 1760496132.1182687, 1760496502.2443044, 1760496676.9149024, 1760496689.40389, 1760496785.3905487, 1760496800.1935182, 1760496822.3579123], "last_request_time": 1760496822.3579123}